id,coursemoduleid,userid,completionstate,timemodified
1,1,13,1,1707629861
2,46,13,1,1707817376
3,61,13,1,1707864807
4,76,13,1,1708239776
5,91,13,1,1708089619
6,106,13,1,1707571333
7,136,13,1,1708050885
8,151,13,1,1708279804
9,196,13,1,1707790157
10,211,13,1,1707958905
11,16,19,1,1707998055
12,91,19,1,1707874867
13,136,19,1,1707613349
14,166,19,1,1708125581
15,136,23,1,1709124085
16,46,24,1,1708528396
17,121,24,1,1708193933
18,136,24,1,1708916533
19,181,24,1,1709091061
20,211,24,1,1708003988
21,1,34,1,1707511737
22,16,34,1,1707459607
23,31,34,1,1707390494
24,46,34,1,1707417158
25,61,34,1,1707366732
26,76,34,1,1707347021
27,91,34,1,1707320864
28,121,34,1,1707316677
29,136,34,1,1707501715
30,151,34,1,1707321035
31,166,34,1,1707294247
32,211,34,1,1707475899
33,1,43,1,1708136313
34,16,43,1,1708241256
35,46,43,1,1708079180
36,136,43,1,1708083399
37,196,43,1,1708129159
38,61,53,1,1708178404
39,76,53,1,1707567543
40,136,53,1,1707582665
41,211,53,1,1707867609
42,1,58,1,1707411413
43,16,58,1,1707528240
44,31,58,1,1707461566
45,46,58,1,1707350011
46,61,58,1,1707290033
47,76,58,1,1707457818
48,91,58,1,1707415896
49,106,58,1,1707384660
50,121,58,1,1707307907
51,136,58,1,1707540047
52,151,58,1,1707426525
53,196,58,1,1707442682
54,211,58,1,1707504644
55,1,80,1,1708142203
56,16,80,1,1707925536
57,31,80,1,1708210625
58,106,80,1,1708265786
59,136,80,1,1707976946
60,151,80,1,1707765578
61,166,80,1,1707605296
62,181,80,1,1708231523
63,76,83,1,1708174100
64,106,83,1,1708261995
65,121,83,1,1707980906
66,136,83,1,1707716762
67,166,83,1,1707847639
68,181,83,1,1707923476
69,1,95,1,1707403410
70,31,95,1,1707326165
71,46,95,1,1707533940
72,61,95,1,1707346714
73,76,95,1,1707505058
74,91,95,1,1707412423
75,121,95,1,1707426241
76,136,95,1,1707491290
77,151,95,1,1707388360
78,166,95,1,1707474019
79,196,95,1,1707383984
80,1,101,1,1708124763
81,16,101,1,1708799775
82,151,101,1,1708932021
83,1,113,1,1707475827
84,16,113,1,1707389419
85,31,113,1,1707364353
86,46,113,1,1707389529
87,61,113,1,1707388386
88,76,113,1,1707523240
89,91,113,1,1707443082
90,106,113,1,1707287251
91,121,113,1,1707312711
92,136,113,1,1707353168
93,151,113,1,1707419127
94,166,113,1,1707323956
95,181,113,1,1707424475
96,196,113,1,1707424144
97,211,113,1,1707288280
98,1,116,1,1708163124
99,76,116,1,1709236153
100,166,116,1,1709265401
101,31,132,1,1708181915
102,61,132,1,1708737567
103,1,135,1,1707508825
104,16,135,1,1707354113
105,31,135,1,1707439140
106,46,135,1,1707344543
107,61,135,1,1707424271
108,76,135,1,1707440217
109,121,135,1,1707424289
110,136,135,1,1707404572
111,151,135,1,1707336454
112,181,135,1,1707496934
113,196,135,1,1707345466
114,211,135,1,1707303897
115,1,139,1,1708118437
116,16,139,1,1707985000
117,31,139,1,1707651066
118,46,139,1,1708209687
119,76,139,1,1708155430
120,91,139,1,1707738625
121,106,139,1,1708307419
122,151,139,1,1707684519
123,181,139,1,1708259920
124,211,139,1,1708124022
125,1,143,1,1708813588
126,76,143,1,1708252579
127,16,151,1,1707574603
128,76,151,1,1708145322
129,91,151,1,1707777075
130,106,151,1,1708315701
131,121,151,1,1708184281
132,196,151,1,1707541841
133,46,194,1,1708169371
134,76,194,1,1708045157
135,91,194,1,1707882838
136,106,194,1,1707944233
137,121,194,1,1707668923
138,136,194,1,1708283114
139,151,194,1,1707817406
140,166,194,1,1708239679
141,211,194,1,1707630495
142,1,198,1,1708834573
143,16,198,1,1708330423
144,31,198,1,1708220382
145,91,198,1,1708534852
146,91,202,1,1708287705
147,1,223,1,1707935636
148,16,223,1,1707549076
149,46,223,1,1708283239
150,61,223,1,1708214816
151,106,223,1,1708074048
152,151,223,1,1707749996
153,166,223,1,1708084457
154,196,223,1,1708116970
155,31,235,1,1708658346
156,46,235,1,1709111699
157,151,235,1,1708701475
158,196,235,1,1708745926
159,46,257,1,1708089594
160,151,257,1,1707928736
161,181,257,1,1708206796
162,211,257,1,1708175999
163,16,265,1,1708466898
164,61,265,1,1708172172
165,106,265,1,1707994572
166,136,265,1,1708887043
167,196,265,1,1708366643
168,1,275,1,1708102998
169,46,275,1,1707917724
170,76,275,1,1708166299
171,91,275,1,1708167938
172,106,275,1,1707575723
173,181,275,1,1707764243
174,196,275,1,1707930940
175,211,275,1,1708268684
176,1,295,1,1708291026
177,31,295,1,1707891831
178,136,295,1,1707623927
179,181,295,1,1707999222
180,196,295,1,1708180486
181,211,295,1,1708166814
182,1,296,1,1708248826
183,106,296,1,1708465677
184,31,298,1,1708299330
185,46,298,1,1708104754
186,76,298,1,1707705424
187,91,298,1,1708207211
188,121,298,1,1708098754
189,136,298,1,1708222684
190,151,298,1,1707696930
191,166,298,1,1707938966
192,181,298,1,1708125420
193,196,298,1,1707808551
194,211,298,1,1707757486
195,1,300,1,1707876256
196,16,300,1,1707873868
197,31,300,1,1708074501
198,106,300,1,1708103353
199,136,300,1,1707796129
200,181,300,1,1708024028
201,196,300,1,1707906813
202,211,300,1,1707883229
203,16,301,1,1707829400
204,31,301,1,1707627918
205,46,301,1,1708318053
206,61,301,1,1707542700
207,91,301,1,1707866692
208,151,301,1,1708298926
209,166,301,1,1708308607
210,211,301,1,1707651975
211,16,320,1,1708873658
212,61,320,1,1708618565
213,76,320,1,1708533189
214,91,320,1,1709209389
215,106,320,1,1708649565
216,136,320,1,1708235391
217,151,320,1,1708153859
218,196,320,1,1708544760
219,16,333,1,1707603937
220,31,333,1,1707726046
221,46,333,1,1707615253
222,61,333,1,1707805321
223,76,333,1,1708098039
224,91,333,1,1708203612
225,106,333,1,1707959854
226,121,333,1,1707926345
227,136,333,1,1707666843
228,166,333,1,1707675232
229,196,333,1,1707980659
230,106,340,1,1708732833
231,121,340,1,1708995928
232,1,358,1,1708246806
233,16,358,1,1708094851
234,76,358,1,1708184851
235,136,358,1,1707999600
236,166,358,1,1707917208
237,1,359,1,1707287030
238,16,359,1,1707421057
239,31,359,1,1707531354
240,46,359,1,1707540077
241,61,359,1,1707486522
242,76,359,1,1707440568
243,106,359,1,1707514973
244,121,359,1,1707315018
245,136,359,1,1707407534
246,181,359,1,1707316710
247,196,359,1,1707409849
248,211,359,1,1707469577
249,16,370,1,1708922284
250,46,370,1,1708195942
251,1,382,1,1708012703
252,16,383,1,1708314351
253,46,383,1,1707591959
254,61,383,1,1707999900
255,91,383,1,1707887104
256,151,383,1,1708096298
257,181,383,1,1707550698
258,196,383,1,1707971612
259,211,383,1,1708272130
260,31,386,1,1708134694
261,181,386,1,1708823315
262,196,386,1,1709129855
263,61,388,1,1708981880
264,106,388,1,1708327180
265,196,388,1,1708454379
266,211,388,1,1708935466
267,1,397,1,1707995367
268,16,397,1,1708182333
269,31,397,1,1707863712
270,46,397,1,1708294969
271,61,397,1,1707658856
272,76,397,1,1708053270
273,106,397,1,1708245408
274,121,397,1,1708045006
275,136,397,1,1707926620
276,181,397,1,1708185439
277,211,397,1,1708035690
278,46,402,1,1708346949
279,121,402,1,1708324919
280,211,402,1,1708562908
281,1,403,1,1707850275
282,16,403,1,1707687167
283,46,403,1,1707999196
284,91,403,1,1707630050
285,106,403,1,1707876512
286,121,403,1,1708134654
287,136,403,1,1707607120
288,151,403,1,1708142579
289,91,405,1,1708836617
290,121,405,1,1708447672
291,136,405,1,1708011602
292,16,408,1,1707927463
293,46,408,1,1707705537
294,76,408,1,1707682579
295,91,408,1,1707850199
296,181,408,1,1708207726
297,196,408,1,1707623921
298,1,411,1,1708054507
299,16,411,1,1707627797
300,31,411,1,1707601504
301,76,411,1,1708132231
302,121,411,1,1707763211
303,136,411,1,1708207272
304,166,411,1,1707731372
305,211,411,1,1708061092
306,1,412,1,1707755557
307,31,412,1,1708316971
308,106,412,1,1708124086
309,121,412,1,1708073507
310,136,412,1,1707554283
311,151,412,1,1708284105
312,166,412,1,1707682298
313,181,412,1,1707913836
314,31,418,1,1708058229
315,61,418,1,1707853926
316,76,418,1,1707863116
317,136,418,1,1708071748
318,166,418,1,1708183923
319,181,418,1,1707549562
320,196,418,1,1707662512
321,16,430,1,1708174867
322,76,430,1,1707844208
323,91,430,1,1707755632
324,121,430,1,1707806636
325,136,430,1,1707918305
326,166,430,1,1708130400
327,211,430,1,1708031887
328,1,439,1,1707949280
329,31,439,1,1708237720
330,46,439,1,1708228998
331,76,439,1,1707658418
332,91,439,1,1707850646
333,106,439,1,1708317938
334,121,439,1,1708187101
335,136,439,1,1708303438
336,151,439,1,1707869105
337,181,439,1,1708176359
338,196,439,1,1707968312
339,151,441,1,1708769466
340,196,441,1,1708346554
341,76,447,1,1708587418
342,106,447,1,1707978028
343,211,447,1,1708511179
344,1,450,1,1708121508
345,16,450,1,1707799217
346,76,450,1,1707676806
347,91,450,1,1707690588
348,106,450,1,1707933273
349,151,450,1,1707543694
350,181,450,1,1708214734
351,196,450,1,1707953697
352,1,452,1,1708223294
353,136,452,1,1708540345
354,166,452,1,1708353282
355,1,453,1,1708308039
356,16,453,1,1707696504
357,31,453,1,1708151586
358,61,453,1,1708014331
359,76,453,1,1707889842
360,166,453,1,1707745157
361,181,453,1,1707972005
362,1,459,1,1707574123
363,46,459,1,1707595178
364,106,459,1,1708251316
365,211,459,1,1707824039
366,16,460,1,1708301980
367,31,460,1,1707878472
368,46,460,1,1707783951
369,61,460,1,1708076062
370,76,460,1,1708071380
371,91,460,1,1707839960
372,106,460,1,1707971019
373,136,460,1,1707668272
374,151,460,1,1708177364
375,166,460,1,1708143608
376,181,460,1,1707687958
377,211,460,1,1707565521
378,16,464,1,1707388817
379,31,464,1,1707363028
380,46,464,1,1707343467
381,61,464,1,1707505023
382,76,464,1,1707531952
383,91,464,1,1707288098
384,106,464,1,1707326376
385,121,464,1,1707311216
386,136,464,1,1707508773
387,151,464,1,1707325673
388,166,464,1,1707485722
389,181,464,1,1707308216
390,196,464,1,1707403327
391,211,464,1,1707310553
392,16,466,1,1707765041
393,31,466,1,1707813539
394,46,466,1,1708056039
395,76,466,1,1707800049
396,106,466,1,1708263930
397,121,466,1,1707619892
398,136,466,1,1708266503
399,151,466,1,1708056180
400,166,466,1,1707692133
401,196,466,1,1707555780
402,1,468,1,1708748143
403,46,468,1,1708894510
404,166,468,1,1708547209
405,46,501,1,1707956764
406,91,501,1,1707637537
407,136,501,1,1708181689
408,151,501,1,1707590409
409,196,501,1,1708244043
410,76,503,1,1709207376
411,1,527,1,1708973611
412,211,527,1,1708951617
413,136,528,1,1709105893
414,1,531,1,1708003550
415,61,531,1,1707903368
416,76,531,1,1708121956
417,91,531,1,1707977817
418,106,531,1,1708178365
419,151,531,1,1708312935
420,166,531,1,1707781815
421,181,531,1,1707749233
422,211,531,1,1707847396
423,31,544,1,1709030885
424,46,544,1,1708315592
425,61,544,1,1708838187
426,151,544,1,1708530773
427,196,544,1,1708839000
428,91,577,1,1708710848
429,106,577,1,1708052202
430,1,591,1,1708175910
431,91,591,1,1709111584
432,136,591,1,1708124562
433,166,591,1,1708450933
434,196,591,1,1707999942
435,1,599,1,1708147082
436,91,599,1,1708493438
437,181,599,1,1709163686
438,196,599,1,1707989848
439,31,603,1,1708669848
440,61,603,1,1708689709
441,166,603,1,1708449757
442,196,603,1,1708469121
443,1,607,1,1708802861
444,181,607,1,1708558059
445,196,607,1,1707978313
446,16,612,1,1707814979
447,31,612,1,1707868373
448,106,612,1,1707570131
449,136,612,1,1707612093
450,196,612,1,1708189127
451,211,612,1,1707875095
452,16,617,1,1707929669
453,46,617,1,1708103038
454,61,617,1,1708080152
455,91,617,1,1708092845
456,106,617,1,1708199009
457,136,617,1,1708079189
458,196,617,1,1708008013
459,211,617,1,1707835526
460,31,631,1,1709234638
461,211,631,1,1709110320
462,1,634,1,1707403472
463,16,634,1,1707479154
464,31,634,1,1707355781
465,46,634,1,1707352903
466,61,634,1,1707475552
467,76,634,1,1707469608
468,91,634,1,1707466776
469,106,634,1,1707473508
470,121,634,1,1707351104
471,136,634,1,1707503696
472,151,634,1,1707472765
473,196,634,1,1707439388
474,91,640,1,1708257782
475,151,640,1,1708637946
476,166,640,1,1708328391
477,211,640,1,1708554697
478,16,655,1,1709197025
479,61,657,1,1708594007
480,91,657,1,1709226091
481,1,661,1,1707418104
482,16,661,1,1707379696
483,31,661,1,1707530518
484,61,661,1,1707368169
485,91,661,1,1707502212
486,106,661,1,1707467491
487,136,661,1,1707331840
488,166,661,1,1707365120
489,181,661,1,1707394774
490,196,661,1,1707317561
491,211,661,1,1707513129
492,1,665,1,1707400056
493,16,665,1,1707286361
494,31,665,1,1707483500
495,61,665,1,1707303120
496,106,665,1,1707345077
497,121,665,1,1707435208
498,151,665,1,1707364230
499,166,665,1,1707497672
500,181,665,1,1707494478
501,196,665,1,1707372332
502,211,665,1,1707402446
503,91,668,1,1708500998
504,1,672,1,1707458506
505,16,672,1,1707395504
506,31,672,1,1707340692
507,46,672,1,1707288752
508,61,672,1,1707457704
509,76,672,1,1707298301
510,91,672,1,1707385103
511,151,672,1,1707350513
512,166,672,1,1707444827
513,181,672,1,1707365405
514,196,672,1,1707336433
515,211,672,1,1707314114
516,136,673,1,1708310830
517,1,675,1,1707296972
518,16,675,1,1707348783
519,46,675,1,1707488554
520,76,675,1,1707383447
521,106,675,1,1707474624
522,136,675,1,1707419006
523,166,675,1,1707492359
524,181,675,1,1707282334
525,196,675,1,1707301080
526,61,692,1,1708649941
527,136,692,1,1708269898
528,166,692,1,1708188467
529,196,692,1,1708930336
530,151,695,1,1709212032
531,16,704,1,1709214664
532,181,704,1,1709211564
533,91,711,1,1708626060
534,166,711,1,1708122869
535,16,713,1,1708228531
536,61,713,1,1707808623
537,76,713,1,1708304962
538,106,713,1,1707964034
539,121,713,1,1707676230
540,1,715,1,1707693337
541,16,715,1,1707695274
542,46,715,1,1708053860
543,61,715,1,1707562109
544,76,715,1,1707690390
545,106,715,1,1707713877
546,121,715,1,1707831908
547,166,715,1,1708027955
548,181,715,1,1708199434
549,211,715,1,1708088309
550,31,724,1,1708178292
551,46,724,1,1709181694
552,91,724,1,1708717455
553,166,724,1,1708810648
554,211,724,1,1709149772
555,31,749,1,1707954355
556,46,749,1,1707597647
557,76,749,1,1707848017
558,91,749,1,1707758959
559,106,749,1,1708021763
560,121,749,1,1707675345
561,166,749,1,1707795490
562,181,749,1,1707569855
563,196,749,1,1708264556
564,1,750,1,1707709232
565,61,750,1,1707789576
566,121,750,1,1707791047
567,166,750,1,1708287229
568,211,750,1,1708136054
569,91,758,1,1708110085
570,196,758,1,1708749993
571,61,761,1,1708049069
572,76,761,1,1707986322
573,91,761,1,1708245873
574,121,761,1,1707706666
575,136,761,1,1708148742
576,166,761,1,1708174143
577,181,761,1,1707899562
578,196,761,1,1707946625
579,211,761,1,1707754716
580,16,774,1,1708084195
581,91,774,1,1707556514
582,106,774,1,1707814758
583,121,774,1,1707670958
584,136,774,1,1707720212
585,181,774,1,1707675230
586,196,774,1,1707608951
587,211,774,1,1707576613
588,121,785,1,1708543436
589,166,785,1,1708794709
590,1,789,1,1708073725
591,46,789,1,1708118093
592,61,789,1,1707648556
593,76,789,1,1707584143
594,121,789,1,1708193071
595,196,789,1,1707543205
596,211,789,1,1708279322
597,1,803,1,1709159013
598,76,803,1,1708472160
599,166,803,1,1708250875
600,16,813,1,1709185411
601,196,813,1,1709054587
602,1,824,1,1707565863
603,16,824,1,1707858736
604,31,824,1,1707733518
605,61,824,1,1708186803
606,76,824,1,1707990376
607,91,824,1,1707951959
608,136,824,1,1707937367
609,151,824,1,1707901240
610,166,824,1,1708059183
611,181,824,1,1708147216
612,196,824,1,1707724535
613,211,824,1,1707576413
614,31,829,1,1708093245
615,46,829,1,1709207798
616,136,838,1,1708145494
617,1,853,1,1708871557
618,136,853,1,1708750628
619,151,853,1,1708331756
620,76,854,1,1708138125
621,136,854,1,1708212013
622,181,854,1,1708029357
623,211,854,1,1708675562
624,31,858,1,1708505764
625,106,858,1,1709178177
626,1,877,1,1707514290
627,61,877,1,1707526932
628,91,877,1,1707504207
629,106,877,1,1707526717
630,121,877,1,1707505939
631,136,877,1,1707369896
632,151,877,1,1707406191
633,166,877,1,1707528777
634,181,877,1,1707514691
635,196,877,1,1707288733
636,46,883,1,1708285461
637,1,902,1,1707349436
638,31,902,1,1707314883
639,61,902,1,1707368407
640,76,902,1,1707470024
641,91,902,1,1707432010
642,106,902,1,1707332641
643,136,902,1,1707390701
644,151,902,1,1707439797
645,166,902,1,1707450413
646,211,914,1,1709131012
647,1,915,1,1708490426
648,121,915,1,1709171471
649,16,930,1,1708275151
650,31,930,1,1707661482
651,46,930,1,1707845451
652,61,930,1,1707848085
653,76,930,1,1708109258
654,121,930,1,1708137501
655,136,930,1,1708131778
656,166,930,1,1707606123
657,1,935,1,1708085029
658,46,935,1,1707690321
659,76,935,1,1707995775
660,91,935,1,1708073806
661,121,935,1,1707852448
662,151,935,1,1707981728
663,181,935,1,1708188149
664,181,949,1,1708378375
665,196,949,1,1708473265
666,76,965,1,1708673144
667,166,965,1,1708735586
668,31,976,1,1707660132
669,61,976,1,1707602583
670,1,977,1,1707291854
671,16,977,1,1707523646
672,31,977,1,1707341790
673,46,977,1,1707527959
674,61,977,1,1707348632
675,76,977,1,1707283934
676,91,977,1,1707534507
677,106,977,1,1707412715
678,121,977,1,1707424839
679,136,977,1,1707453496
680,151,977,1,1707450388
681,181,977,1,1707487228
682,196,977,1,1707457653
683,211,977,1,1707359751
684,1,979,1,1707527921
685,31,979,1,1707371118
686,46,979,1,1707330415
687,61,979,1,1707428143
688,76,979,1,1707352646
689,91,979,1,1707539159
690,121,979,1,1707452177
691,136,979,1,1707460540
692,151,979,1,1707512494
693,166,979,1,1707372615
694,196,979,1,1707315004
695,211,979,1,1707483511
696,16,981,1,1708023569
697,31,981,1,1708427032
698,61,981,1,1708993126
699,91,981,1,1708007865
700,121,981,1,1708661820
701,136,981,1,1709013429
702,1,982,1,1708151585
703,31,982,1,1708054455
704,46,982,1,1708104550
705,76,982,1,1708080906
706,151,982,1,1708154746
707,181,982,1,1707726293
708,196,982,1,1707670345
709,211,982,1,1707691302
710,31,990,1,1707621217
711,106,990,1,1707889846
712,151,990,1,1708004619
713,166,990,1,1708286356
714,181,990,1,1708106231
715,196,990,1,1708020243
716,46,1007,1,1708148674
717,1,1010,1,1707395338
718,31,1010,1,1707312374
719,46,1010,1,1707480292
720,76,1010,1,1707295813
721,91,1010,1,1707398284
722,106,1010,1,1707358496
723,121,1010,1,1707367445
724,151,1010,1,1707378461
725,166,1010,1,1707450621
726,181,1010,1,1707442308
727,196,1010,1,1707379260
728,211,1010,1,1707426474
729,1,1021,1,1708554768
730,16,1027,1,1708316392
731,76,1027,1,1708726324
732,181,1027,1,1709055152
733,31,1034,1,1709033998
734,61,1034,1,1708408134
735,106,1034,1,1708241920
736,121,1034,1,1708093828
737,1,1039,1,1707410560
738,16,1039,1,1707363821
739,31,1039,1,1707394863
740,61,1039,1,1707457177
741,76,1039,1,1707468131
742,91,1039,1,1707399033
743,106,1039,1,1707311248
744,121,1039,1,1707372752
745,136,1039,1,1707534033
746,151,1039,1,1707519019
747,166,1039,1,1707309875
748,181,1039,1,1707387628
749,196,1039,1,1707506422
750,211,1039,1,1707431897
751,16,1043,1,1708301466
752,31,1043,1,1707800622
753,61,1043,1,1708183318
754,121,1043,1,1707592460
755,181,1043,1,1707778463
756,196,1043,1,1708072518
757,1,1044,1,1707603043
758,16,1044,1,1708214750
759,46,1044,1,1707665543
760,61,1044,1,1707620029
761,106,1044,1,1708153993
762,121,1044,1,1707731611
763,151,1044,1,1707903093
764,196,1044,1,1708040758
765,211,1044,1,1707976821
766,61,1048,1,1708092985
767,91,1048,1,1707639691
768,136,1048,1,1707818276
769,151,1048,1,1708289185
770,196,1048,1,1708114155
771,61,1049,1,1708702941
772,1,1051,1,1708266686
773,31,1051,1,1707778486
774,46,1051,1,1708253736
775,76,1051,1,1707938553
776,91,1051,1,1707987348
777,121,1051,1,1708175613
778,136,1051,1,1707962258
779,181,1051,1,1708254504
780,196,1051,1,1708207943
781,211,1051,1,1708091336
782,46,1060,1,1707791343
783,76,1060,1,1707985379
784,121,1060,1,1708104263
785,136,1060,1,1708236975
786,151,1060,1,1708212650
787,166,1060,1,1707874515
788,196,1060,1,1707897096
789,16,1062,1,1708286036
790,31,1062,1,1707650756
791,46,1062,1,1708207518
792,76,1062,1,1707659582
793,91,1062,1,1707685603
794,121,1062,1,1707968653
795,136,1062,1,1707902742
796,151,1062,1,1707660296
797,166,1062,1,1707591594
798,181,1062,1,1708301611
799,196,1062,1,1707779943
800,211,1062,1,1708128415
801,151,1066,1,1709213056
802,196,1066,1,1708755952
803,1,1068,1,1708243328
804,16,1068,1,1707635161
805,31,1068,1,1707576155
806,46,1068,1,1708014142
807,61,1068,1,1707764172
808,76,1068,1,1707855085
809,91,1068,1,1708013624
810,136,1068,1,1708216545
811,166,1068,1,1707883940
812,196,1068,1,1707837900
813,16,1075,1,1709151939
814,151,1075,1,1708194032
815,16,1079,1,1707698353
816,121,1079,1,1708209150
817,136,1079,1,1708034201
818,166,1079,1,1707795346
819,181,1079,1,1707979971
820,196,1079,1,1707625149
821,16,1083,1,1707986254
822,61,1083,1,1708664219
823,91,1083,1,1709249011
824,136,1083,1,1708892694
825,166,1083,1,1708136318
826,196,1083,1,1709251122
827,106,1085,1,1708434508
828,151,1085,1,1708457139
829,61,1087,1,1707929587
830,106,1087,1,1707907669
831,136,1087,1,1708289356
832,166,1087,1,1707559302
833,196,1087,1,1708193972
834,211,1087,1,1707551951
835,1,1088,1,1708278816
836,16,1088,1,1707778223
837,31,1088,1,1707541549
838,61,1088,1,1708071889
839,136,1088,1,1707921216
840,196,1088,1,1707741904
841,211,1088,1,1707548419
842,1,1092,1,1708264871
843,61,1092,1,1708078975
844,76,1092,1,1708231873
845,91,1092,1,1707833490
846,151,1092,1,1707730420
847,166,1092,1,1707871176
848,181,1092,1,1707767848
849,211,1092,1,1708082811
850,31,1099,1,1708937650
851,61,1099,1,1709248256
852,211,1099,1,1708368760
853,16,1104,1,1708088015
854,31,1104,1,1707561860
855,46,1104,1,1707986333
856,106,1104,1,1707936932
857,136,1104,1,1708168949
858,166,1104,1,1707992533
859,181,1104,1,1707543553
860,196,1104,1,1707691388
861,211,1104,1,1708232172
862,1,1113,1,1707583324
863,16,1113,1,1708241236
864,61,1113,1,1707934632
865,91,1113,1,1707697474
866,151,1113,1,1707935263
867,166,1113,1,1707642246
868,196,1113,1,1708292104
869,211,1113,1,1707606179
870,1,1118,1,1707724574
871,61,1118,1,1707593146
872,76,1118,1,1707878508
873,91,1118,1,1708238042
874,121,1118,1,1708159972
875,151,1118,1,1708035097
876,166,1118,1,1707595170
877,211,1118,1,1707891146
878,61,1120,1,1707995606
879,121,1120,1,1708501220
880,151,1120,1,1708052938
881,31,1128,1,1707598017
882,76,1128,1,1707944458
883,106,1128,1,1708030291
884,121,1128,1,1707676825
885,151,1128,1,1708267809
886,196,1128,1,1707852761
887,31,1129,1,1707692404
888,61,1129,1,1707995425
889,76,1129,1,1707776043
890,136,1129,1,1707883897
891,181,1129,1,1708072173
892,196,1129,1,1707590760
893,136,1131,1,1708408262
894,61,1135,1,1708206250
895,76,1135,1,1708227128
896,196,1135,1,1708528162
897,1,1144,1,1708011533
898,61,1144,1,1707651813
899,91,1144,1,1707977678
900,181,1144,1,1707928063
901,196,1144,1,1708019175
902,211,1144,1,1707935929
903,46,1152,1,1708378716
904,91,1152,1,1708808825
905,1,1166,1,1708200534
906,76,1166,1,1708697858
907,151,1166,1,1708296608
908,181,1166,1,1708686109
909,1,1167,1,1708315399
910,31,1167,1,1707926893
911,46,1167,1,1708147317
912,61,1167,1,1708207605
913,121,1167,1,1707946334
914,151,1167,1,1707588172
915,166,1167,1,1707729317
916,196,1167,1,1708072723
917,1,1169,1,1707894710
918,76,1169,1,1707704728
919,91,1169,1,1708270820
920,106,1169,1,1708129623
921,181,1169,1,1708309189
922,196,1169,1,1707687023
923,61,1188,1,1709112741
924,106,1188,1,1709019559
925,16,1190,1,1708183809
926,31,1190,1,1708269608
927,46,1190,1,1707745843
928,136,1190,1,1707971124
929,181,1190,1,1708115558
930,196,1190,1,1708016277
931,151,1193,1,1709030816
932,166,1193,1,1708844500
933,181,1193,1,1708533810
934,211,1193,1,1708837827
935,1,1194,1,1709009724
936,91,1194,1,1708524085
937,136,1194,1,1708443715
938,1,1207,1,1707850351
939,46,1207,1,1707816203
940,61,1207,1,1707632404
941,136,1207,1,1707676862
942,151,1207,1,1707617367
943,181,1207,1,1708060787
944,196,1207,1,1707633197
945,211,1207,1,1707936534
946,1,1212,1,1708020346
947,31,1212,1,1707603186
948,46,1212,1,1707612396
949,76,1212,1,1707948155
950,106,1212,1,1708045942
951,121,1212,1,1707915152
952,136,1212,1,1707734265
953,151,1212,1,1708099193
954,196,1212,1,1708314067
955,211,1212,1,1708183301
956,1,1223,1,1708137250
957,46,1223,1,1708756377
958,76,1223,1,1709091316
959,196,1223,1,1708688083
960,76,1229,1,1708524469
961,106,1229,1,1708515418
962,121,1229,1,1708163262
963,151,1229,1,1708645507
964,196,1229,1,1709042758
965,1,1238,1,1707527498
966,16,1238,1,1707481263
967,31,1238,1,1707493365
968,61,1238,1,1707309368
969,76,1238,1,1707313216
970,91,1238,1,1707461599
971,121,1238,1,1707301219
972,151,1238,1,1707291094
973,166,1238,1,1707501727
974,181,1238,1,1707421948
975,196,1238,1,1707343809
976,91,1241,1,1708007858
977,106,1241,1,1708193839
978,151,1241,1,1709253677
979,46,1250,1,1709087519
980,121,1250,1,1708317320
981,31,1258,1,1708088263
982,46,1258,1,1707699893
983,136,1258,1,1707688513
984,151,1258,1,1707877099
985,166,1258,1,1708111423
986,181,1258,1,1708002440
987,1,1266,1,1707745281
988,31,1266,1,1707619848
989,61,1266,1,1707612611
990,76,1266,1,1707602756
991,106,1266,1,1708145824
992,136,1266,1,1707803266
993,151,1266,1,1707764132
994,166,1266,1,1708153066
995,181,1266,1,1707926551
996,46,1279,1,1708498233
997,166,1286,1,1708526325
998,196,1286,1,1708572746
999,46,1306,1,1708683253
1000,91,1306,1,1708040727
1001,211,1306,1,1709057245
1002,151,1310,1,1708374959
1003,196,1310,1,1708778939
1004,46,1312,1,1708792087
1005,151,1312,1,1708840449
1006,211,1312,1,1708348988
1007,1,1320,1,1708137498
1008,136,1320,1,1709157064
1009,31,1331,1,1707668549
1010,46,1331,1,1707740109
1011,61,1331,1,1708281372
1012,76,1331,1,1707870344
1013,91,1331,1,1707759193
1014,106,1331,1,1708096991
1015,151,1331,1,1708012978
1016,211,1331,1,1708307463
1017,91,1334,1,1708532276
1018,166,1334,1,1709259090
1019,16,1336,1,1708907105
1020,136,1336,1,1708284635
1021,151,1336,1,1708580685
1022,1,1339,1,1708362850
1023,16,1339,1,1708217687
1024,121,1339,1,1709016100
1025,136,1339,1,1708497889
1026,211,1339,1,1709257499
1027,31,1346,1,1708284136
1028,46,1346,1,1708236118
1029,61,1346,1,1707845343
1030,76,1346,1,1708317998
1031,121,1346,1,1707756422
1032,136,1346,1,1707792193
1033,151,1346,1,1708051504
1034,196,1346,1,1707809245
1035,1,1347,1,1707343699
1036,16,1347,1,1707383628
1037,31,1347,1,1707383155
1038,46,1347,1,1707311997
1039,76,1347,1,1707319869
1040,91,1347,1,1707390012
1041,106,1347,1,1707439819
1042,121,1347,1,1707462896
1043,136,1347,1,1707361035
1044,151,1347,1,1707399843
1045,166,1347,1,1707472337
1046,181,1347,1,1707445683
1047,196,1347,1,1707380992
1048,211,1347,1,1707300545
1049,1,1351,1,1708141726
1050,16,1351,1,1707962571
1051,31,1351,1,1708239212
1052,91,1351,1,1708198434
1053,121,1351,1,1708303783
1054,136,1351,1,1708029930
1055,151,1351,1,1708100494
1056,166,1351,1,1707604264
1057,181,1351,1,1708314141
1058,196,1351,1,1708017501
1059,1,1355,1,1708164280
1060,16,1355,1,1708820845
1061,31,1355,1,1708084181
1062,76,1355,1,1708162581
1063,16,1366,1,1707330800
1064,31,1366,1,1707456882
1065,46,1366,1,1707500709
1066,61,1366,1,1707403244
1067,91,1366,1,1707389415
1068,106,1366,1,1707375957
1069,121,1366,1,1707328817
1070,136,1366,1,1707319283
1071,151,1366,1,1707427435
1072,166,1366,1,1707447802
1073,181,1366,1,1707360094
1074,196,1366,1,1707408865
1075,211,1366,1,1707415549
1076,61,1372,1,1708066367
1077,121,1372,1,1708740442
1078,91,1375,1,1708837648
1079,1,1377,1,1707729934
1080,46,1377,1,1708088828
1081,106,1377,1,1707701182
1082,121,1377,1,1708087255
1083,181,1377,1,1707621806
1084,196,1377,1,1707852846
1085,16,1378,1,1708206900
1086,196,1378,1,1708680409
1087,1,1384,1,1708364507
1088,151,1385,1,1708837044
1089,166,1385,1,1708993156
1090,1,1387,1,1707864135
1091,31,1387,1,1707793736
1092,46,1387,1,1707873341
1093,61,1387,1,1708132794
1094,76,1387,1,1708058507
1095,91,1387,1,1707908374
1096,106,1387,1,1708109021
1097,136,1387,1,1708282371
1098,151,1387,1,1707974981
1099,181,1387,1,1707887048
1100,196,1387,1,1708083229
1101,211,1387,1,1708234542
1102,181,1398,1,1708420530
1103,1,1400,1,1707472569
1104,16,1400,1,1707412793
1105,31,1400,1,1707369064
1106,46,1400,1,1707484089
1107,76,1400,1,1707451492
1108,91,1400,1,1707410412
1109,106,1400,1,1707332177
1110,121,1400,1,1707508634
1111,136,1400,1,1707426776
1112,151,1400,1,1707523675
1113,166,1400,1,1707308706
1114,181,1400,1,1707446790
1115,196,1400,1,1707522616
1116,16,1407,1,1708457534
1117,46,1407,1,1708176365
1118,76,1407,1,1709183788
1119,196,1407,1,1708667032
1120,1,1409,1,1708864194
1121,181,1409,1,1708782976
1122,91,1412,1,1708238322
1123,121,1412,1,1708795748
1124,136,1412,1,1708072980
1125,1,1413,1,1708079863
1126,31,1413,1,1708029283
1127,46,1413,1,1707909889
1128,61,1413,1,1707844448
1129,76,1413,1,1708165340
1130,91,1413,1,1708231083
1131,106,1413,1,1708194161
1132,136,1413,1,1708088655
1133,166,1413,1,1707872006
1134,211,1413,1,1708130358
1135,46,1419,1,1708985720
1136,76,1419,1,1708783678
1137,106,1419,1,1708689271
1138,136,1419,1,1709096716
1139,16,1430,1,1707414312
1140,31,1430,1,1707473152
1141,61,1430,1,1707452670
1142,106,1430,1,1707396430
1143,136,1430,1,1707287912
1144,151,1430,1,1707496519
1145,166,1430,1,1707355944
1146,181,1430,1,1707329755
1147,196,1430,1,1707403023
1148,211,1430,1,1707539233
1149,16,1432,1,1707994105
1150,31,1432,1,1708036554
1151,61,1432,1,1708112529
1152,76,1432,1,1707970000
1153,136,1432,1,1707627040
1154,166,1432,1,1707630316
1155,181,1432,1,1707784433
1156,211,1432,1,1707773342
1157,166,1436,1,1708305998
1158,1,1439,1,1708357444
1159,61,1439,1,1708227887
1160,76,1439,1,1708981876
1161,166,1439,1,1708634120
1162,46,1447,1,1708516280
1163,61,1447,1,1708192618
1164,76,1447,1,1708362267
1165,196,1447,1,1708635874
1166,211,1447,1,1708851062
1167,1,1451,1,1708012989
1168,16,1451,1,1707694878
1169,46,1451,1,1708114342
1170,61,1451,1,1707723957
1171,76,1451,1,1708226212
1172,91,1451,1,1707730748
1173,121,1451,1,1708155657
1174,166,1451,1,1707807944
1175,196,1451,1,1707679610
1176,31,1453,1,1708243661
1177,61,1453,1,1708291431
1178,106,1453,1,1708137259
1179,31,1466,1,1707981692
1180,46,1466,1,1707640313
1181,76,1466,1,1708149266
1182,91,1466,1,1708177676
1183,106,1466,1,1707828012
1184,151,1466,1,1708202477
1185,166,1466,1,1707621119
1186,181,1466,1,1707987512
1187,1,1469,1,1707661594
1188,31,1469,1,1708293741
1189,61,1469,1,1707952957
1190,121,1469,1,1707594370
1191,151,1469,1,1708060972
1192,181,1469,1,1707652693
1193,196,1469,1,1708218527
1194,211,1469,1,1707589916
1195,1,1471,1,1708521192
1196,61,1471,1,1709229126
1197,181,1471,1,1708079022
1198,211,1471,1,1708891020
1199,16,1478,1,1708763805
1200,46,1487,1,1708202859
1201,61,1487,1,1708009378
1202,106,1487,1,1708637067
1203,166,1487,1,1708865274
1204,181,1487,1,1708257208
1205,1,1492,1,1708218149
1206,16,1492,1,1707615291
1207,46,1492,1,1708142357
1208,61,1492,1,1707902500
1209,91,1492,1,1707697784
1210,136,1492,1,1708045586
1211,151,1492,1,1708039950
1212,166,1492,1,1708018092
1213,181,1492,1,1707949415
1214,196,1492,1,1708071296
1215,1,1495,1,1707356498
1216,46,1495,1,1707331933
1217,61,1495,1,1707400238
1218,76,1495,1,1707353112
1219,91,1495,1,1707451928
1220,106,1495,1,1707453616
1221,121,1495,1,1707369209
1222,136,1495,1,1707528544
1223,151,1495,1,1707439109
1224,166,1495,1,1707509116
1225,181,1495,1,1707394530
1226,211,1495,1,1707436041
1227,16,1500,1,1708006315
1228,76,1500,1,1708133271
1229,91,1500,1,1708223020
1230,106,1500,1,1707923773
1231,121,1500,1,1707750258
1232,136,1500,1,1707685520
1233,181,1500,1,1707936269
1234,211,1500,1,1708187588
1235,1,1543,1,1707400203
1236,16,1543,1,1707456853
1237,31,1543,1,1707508413
1238,46,1543,1,1707541125
1239,61,1543,1,1707299171
1240,76,1543,1,1707367874
1241,121,1543,1,1707393398
1242,151,1543,1,1707415210
1243,166,1543,1,1707366131
1244,181,1543,1,1707434379
1245,211,1543,1,1707432940
1246,1,1550,1,1707380841
1247,16,1550,1,1707353239
1248,31,1550,1,1707346319
1249,46,1550,1,1707431648
1250,61,1550,1,1707457516
1251,76,1550,1,1707292157
1252,151,1550,1,1707513795
1253,166,1550,1,1707486077
1254,211,1550,1,1707379915
1255,1,1553,1,1707305962
1256,16,1553,1,1707516912
1257,61,1553,1,1707481277
1258,76,1553,1,1707381668
1259,91,1553,1,1707533139
1260,106,1553,1,1707410520
1261,121,1553,1,1707386515
1262,136,1553,1,1707504545
1263,151,1553,1,1707459169
1264,166,1553,1,1707405407
1265,181,1553,1,1707385698
1266,196,1553,1,1707448119
1267,121,1561,1,1708448827
1268,76,1562,1,1708130266
1269,106,1562,1,1707714640
1270,151,1562,1,1707749564
1271,166,1562,1,1707790858
1272,31,1577,1,1708265228
1273,46,1577,1,1707748820
1274,76,1577,1,1707830077
1275,91,1577,1,1707679842
1276,121,1577,1,1708283710
1277,136,1577,1,1708020157
1278,61,1578,1,1708260921
1279,76,1578,1,1707672458
1280,91,1578,1,1707761777
1281,136,1578,1,1707971889
1282,151,1578,1,1708091405
1283,166,1578,1,1707578983
1284,211,1578,1,1707800912
1285,151,1580,1,1708094943
1286,181,1580,1,1708750051
1287,1,1600,1,1707360010
1288,31,1600,1,1707287152
1289,46,1600,1,1707290338
1290,61,1600,1,1707488622
1291,76,1600,1,1707499467
1292,91,1600,1,1707403752
1293,121,1600,1,1707503052
1294,136,1600,1,1707411820
1295,151,1600,1,1707325672
1296,181,1600,1,1707306185
1297,211,1600,1,1707511049
1298,136,1601,1,1708088377
1299,1,1607,1,1708354243
1300,16,1607,1,1708521614
1301,76,1607,1,1709061226
1302,91,1607,1,1708365435
1303,211,1607,1,1708322078
1304,91,1619,1,1708107565
1305,16,1626,1,1707706355
1306,31,1626,1,1708193052
1307,61,1626,1,1708042892
1308,106,1626,1,1708226223
1309,181,1626,1,1708258609
1310,196,1626,1,1708191702
1311,121,1632,1,1708598762
1312,136,1632,1,1709044715
1313,151,1632,1,1708254372
1314,61,1641,1,1707902721
1315,106,1641,1,1707754498
1316,121,1641,1,1708225370
1317,166,1641,1,1708230981
1318,181,1641,1,1707869971
1319,196,1641,1,1707957402
1320,1,1648,1,1707591946
1321,16,1648,1,1707801658
1322,46,1648,1,1707671579
1323,61,1648,1,1707883726
1324,76,1648,1,1707648246
1325,136,1648,1,1708205616
1326,181,1648,1,1707729544
1327,196,1648,1,1707726129
1328,16,1651,1,1707404581
1329,46,1651,1,1707343814
1330,61,1651,1,1707456159
1331,76,1651,1,1707491798
1332,91,1651,1,1707389518
1333,106,1651,1,1707333691
1334,136,1651,1,1707515831
1335,151,1651,1,1707417367
1336,166,1651,1,1707484074
1337,181,1651,1,1707428687
1338,211,1651,1,1707328220
1339,16,1655,1,1708389038
1340,76,1655,1,1708044710
1341,16,1673,1,1707981301
1342,61,1673,1,1708103097
1343,151,1673,1,1707909909
1344,196,1673,1,1707682359
1345,211,1673,1,1708140183
1346,46,1675,1,1707768756
1347,91,1675,1,1707932376
1348,151,1675,1,1707893861
1349,166,1675,1,1708231830
1350,181,1675,1,1708027102
1351,76,1676,1,1708518558
1352,106,1676,1,1709003740
1353,166,1676,1,1708296902
1354,16,1677,1,1708124471
1355,46,1677,1,1708024212
1356,76,1677,1,1707892519
1357,91,1677,1,1708142681
1358,106,1677,1,1707930798
1359,121,1677,1,1708044184
1360,181,1677,1,1707784839
1361,211,1677,1,1708141120
1362,16,1679,1,1709096603
1363,46,1679,1,1708065092
1364,106,1679,1,1708369510
1365,166,1679,1,1707997696
1366,196,1679,1,1708008207
1367,211,1679,1,1708386003
1368,121,1699,1,1708562814
1369,136,1699,1,1708912807
1370,181,1699,1,1709173039
1371,31,1701,1,1708723490
1372,76,1701,1,1708492700
1373,91,1701,1,1708372290
1374,46,1702,1,1708437975
1375,61,1702,1,1709199411
1376,136,1702,1,1708529745
1377,181,1702,1,1708828638
1378,136,1706,1,1708245209
1379,31,1709,1,1708742302
1380,91,1709,1,1709004944
1381,136,1709,1,1708396397
1382,151,1709,1,1708753065
1383,196,1709,1,1708321357
1384,16,1714,1,1708780660
1385,46,1714,1,1708795362
1386,166,1714,1,1709199321
1387,196,1714,1,1708646245
1388,211,1714,1,1708736358
1389,1,1715,1,1707424252
1390,16,1715,1,1707443963
1391,31,1715,1,1707366236
1392,46,1715,1,1707417905
1393,61,1715,1,1707510543
1394,106,1715,1,1707345453
1395,121,1715,1,1707382276
1396,136,1715,1,1707388414
1397,151,1715,1,1707283017
1398,181,1715,1,1707411846
1399,211,1715,1,1707325895
1400,1,1716,1,1707739596
1401,31,1716,1,1707666152
1402,46,1716,1,1708153694
1403,106,1716,1,1708022928
1404,121,1716,1,1708249098
1405,151,1716,1,1708184826
1406,181,1716,1,1708009912
1407,211,1716,1,1707542087
1408,1,1720,1,1707590578
1409,31,1720,1,1707773361
1410,61,1720,1,1707938318
1411,76,1720,1,1707766852
1412,91,1720,1,1708205959
1413,106,1720,1,1708100986
1414,136,1720,1,1708066110
1415,151,1720,1,1707897313
1416,181,1720,1,1708310723
1417,211,1720,1,1707556371
1418,1,1727,1,1707443727
1419,16,1727,1,1707534201
1420,31,1727,1,1707483325
1421,46,1727,1,1707390561
1422,61,1727,1,1707470645
1423,91,1727,1,1707415996
1424,106,1727,1,1707377293
1425,121,1727,1,1707394525
1426,151,1727,1,1707310641
1427,181,1727,1,1707524499
1428,196,1727,1,1707289148
1429,211,1727,1,1707315886
1430,61,1731,1,1709209378
1431,76,1731,1,1708422934
1432,166,1731,1,1708209171
1433,181,1731,1,1708609343
1434,196,1731,1,1708386101
1435,91,1737,1,1709030720
1436,121,1737,1,1709138131
1437,136,1737,1,1708933647
1438,151,1737,1,1708774121
1439,76,1758,1,1709243044
1440,91,1758,1,1708242892
1441,121,1758,1,1708312975
1442,136,1758,1,1708910948
1443,166,1758,1,1708569533
1444,211,1758,1,1708748279
1445,31,1760,1,1708507279
1446,136,1760,1,1708216899
1447,91,1767,1,1708231469
1448,121,1767,1,1708270828
1449,136,1767,1,1708462740
1450,1,1777,1,1707732296
1451,31,1777,1,1707607779
1452,46,1777,1,1708012541
1453,76,1777,1,1708267115
1454,106,1777,1,1707857918
1455,121,1777,1,1708252854
1456,181,1777,1,1708267120
1457,1,1802,1,1707974733
1458,16,1802,1,1708108027
1459,76,1802,1,1708035185
1460,91,1802,1,1708114231
1461,121,1802,1,1707542374
1462,181,1802,1,1708038317
1463,211,1802,1,1707944594
1464,1,1806,1,1707880300
1465,46,1806,1,1708249043
1466,61,1806,1,1708204796
1467,76,1806,1,1707872149
1468,106,1806,1,1708194219
1469,121,1806,1,1707627506
1470,196,1806,1,1707747140
1471,211,1806,1,1707957110
1472,91,1829,1,1708622020
1473,196,1829,1,1709219775
1474,31,1862,1,1708612002
1475,31,1870,1,1707774023
1476,46,1870,1,1707843281
1477,76,1870,1,1707660821
1478,166,1870,1,1708070574
1479,181,1870,1,1707648397
1480,16,1884,1,1707622543
1481,31,1884,1,1707760101
1482,76,1884,1,1707911494
1483,91,1884,1,1708097919
1484,151,1884,1,1707739125
1485,181,1884,1,1707587345
1486,196,1884,1,1708132409
1487,1,1903,1,1707916496
1488,16,1903,1,1707913077
1489,31,1903,1,1708025024
1490,91,1903,1,1707705680
1491,121,1903,1,1707552370
1492,151,1903,1,1707592599
1493,211,1903,1,1707941116
1494,1,1905,1,1708303829
1495,31,1905,1,1707865295
1496,46,1905,1,1707822782
1497,61,1905,1,1708062094
1498,91,1905,1,1708089443
1499,106,1905,1,1708190859
1500,136,1905,1,1708151373
1501,166,1905,1,1707609432
1502,196,1905,1,1707702996
1503,76,1934,1,1707994201
1504,91,1934,1,1708279376
1505,136,1934,1,1707942260
1506,151,1934,1,1708066380
1507,181,1934,1,1707737731
1508,211,1934,1,1708203144
1509,1,1946,1,1708765726
1510,31,1946,1,1708180514
1511,91,1946,1,1708936905
1512,106,1954,1,1709145017
1513,196,1954,1,1708689030
1514,31,1959,1,1707739287
1515,46,1959,1,1707665759
1516,61,1959,1,1708144521
1517,91,1959,1,1708027267
1518,121,1959,1,1707731721
1519,151,1959,1,1708175403
1520,196,1959,1,1707624992
1521,46,1960,1,1707644922
1522,61,1960,1,1707954508
1523,91,1960,1,1707695896
1524,106,1960,1,1708236011
1525,121,1960,1,1708103181
1526,136,1960,1,1707831212
1527,151,1960,1,1708138708
1528,181,1960,1,1707749299
1529,196,1960,1,1707542265
1530,211,1960,1,1707669235
1531,1,1961,1,1707953597
1532,91,1961,1,1708209131
1533,121,1961,1,1708301493
1534,181,1961,1,1707718341
1535,196,1961,1,1708220635
1536,1,1965,1,1707690232
1537,46,1965,1,1708161394
1538,61,1965,1,1708037629
1539,76,1965,1,1707586226
1540,91,1965,1,1708297833
1541,136,1965,1,1708136423
1542,151,1965,1,1708058543
1543,166,1965,1,1708023987
1544,181,1965,1,1707576649
1545,211,1965,1,1707552073
1546,1,1967,1,1707890249
1547,31,1967,1,1708169982
1548,76,1967,1,1707771492
1549,91,1967,1,1707554132
1550,106,1967,1,1708314590
1551,121,1967,1,1707556687
1552,136,1967,1,1707858764
1553,166,1967,1,1708155837
1554,196,1967,1,1708162049
1555,211,1967,1,1707870210
1556,16,1978,1,1708625894
1557,46,1978,1,1708539856
1558,106,1978,1,1708991100
1559,166,1978,1,1709222433
1560,1,1979,1,1708278575
1561,16,1979,1,1708088706
1562,31,1979,1,1707607336
1563,61,1979,1,1708275792
1564,76,1979,1,1707748778
1565,121,1979,1,1708001611
1566,136,1979,1,1708221166
1567,151,1979,1,1707953155
1568,166,1979,1,1708081649
1569,211,1979,1,1707725417
1570,61,1983,1,1708820913
1571,76,1983,1,1708246504
1572,121,1983,1,1709105804
1573,1,1989,1,1708722600
1574,46,1989,1,1708339080
1575,91,1989,1,1708582703
1576,136,1989,1,1708778554
1577,196,1989,1,1708047583
1578,1,1992,1,1708293780
1579,16,1992,1,1708096860
1580,46,1992,1,1707752701
1581,106,1992,1,1707640098
1582,121,1992,1,1707792007
1583,136,1992,1,1708194484
1584,151,1992,1,1708186098
1585,211,1992,1,1707983123
1586,1,1999,1,1707654600
1587,31,1999,1,1707727459
1588,91,1999,1,1707810825
1589,106,1999,1,1707982950
1590,121,1999,1,1707796326
1591,136,1999,1,1708278610
1592,151,1999,1,1707751829
1593,47,13,1,1708333436
1594,62,13,1,1708737514
1595,92,13,1,1708563473
1596,152,13,1,1708382646
1597,197,13,1,1708631982
1598,212,13,1,1708296410
1599,167,19,1,1708339987
1600,137,23,1,1709299922
1601,122,24,1,1709821401
1602,32,34,1,1707891338
1603,62,34,1,1708027909
1604,77,34,1,1708104991
1605,92,34,1,1708133912
1606,122,34,1,1708139925
1607,137,34,1,1708047872
1608,152,34,1,1708013748
1609,167,34,1,1707944681
1610,212,34,1,1708068756
1611,2,43,1,1708769111
1612,17,43,1,1708596854
1613,47,43,1,1708198412
1614,137,43,1,1708310875
1615,62,53,1,1708738266
1616,212,53,1,1708720009
1617,32,58,1,1708026693
1618,62,58,1,1707962052
1619,77,58,1,1708064338
1620,137,58,1,1708043324
1621,152,58,1,1707911284
1622,197,58,1,1708127115
1623,212,58,1,1708011818
1624,2,80,1,1708533779
1625,32,80,1,1708747134
1626,107,80,1,1708634807
1627,77,83,1,1708916217
1628,107,83,1,1708667358
1629,47,95,1,1708062419
1630,92,95,1,1707932396
1631,122,95,1,1708059380
1632,137,95,1,1708139001
1633,152,95,1,1708123022
1634,167,95,1,1707886943
1635,197,95,1,1708049651
1636,2,113,1,1708138722
1637,17,113,1,1708090460
1638,32,113,1,1708143083
1639,62,113,1,1707890758
1640,92,113,1,1708097427
1641,122,113,1,1708081582
1642,167,113,1,1707894825
1643,182,113,1,1708002568
1644,2,135,1,1708084002
1645,17,135,1,1708006079
1646,32,135,1,1708072525
1647,47,135,1,1708000137
1648,62,135,1,1708062960
1649,77,135,1,1708143540
1650,122,135,1,1707986068
1651,137,135,1,1707962138
1652,152,135,1,1708072992
1653,182,135,1,1707955191
1654,197,135,1,1707972714
1655,2,139,1,1708468997
1656,17,139,1,1708361408
1657,32,139,1,1708611663
1658,47,139,1,1708179102
1659,92,139,1,1708900882
1660,107,139,1,1708151117
1661,17,151,1,1708236738
1662,77,151,1,1708614690
1663,107,151,1,1708607844
1664,122,151,1,1708439330
1665,47,194,1,1708482930
1666,77,194,1,1708288631
1667,107,194,1,1708719069
1668,137,194,1,1708831121
1669,2,223,1,1708193498
1670,47,223,1,1708492826
1671,107,223,1,1708855083
1672,152,223,1,1708415583
1673,167,223,1,1708424451
1674,197,223,1,1708804278
1675,32,235,1,1708969197
1676,47,257,1,1708570832
1677,2,275,1,1708714536
1678,47,275,1,1708799706
1679,77,275,1,1708611509
1680,107,275,1,1708487422
1681,212,275,1,1708700453
1682,2,295,1,1708528115
1683,107,296,1,1709366451
1684,32,298,1,1708597562
1685,47,298,1,1708895298
1686,77,298,1,1708855840
1687,92,298,1,1708314515
1688,182,298,1,1708755801
1689,197,298,1,1708763330
1690,2,300,1,1708407647
1691,32,300,1,1708579568
1692,107,300,1,1708343480
1693,212,300,1,1708712584
1694,2,358,1,1708381256
1695,17,358,1,1708221530
1696,77,358,1,1708804667
1697,167,358,1,1708350825
1698,17,359,1,1707913207
1699,32,359,1,1708133679
1700,47,359,1,1707923757
1701,62,359,1,1707917031
1702,77,359,1,1707894990
1703,107,359,1,1707970095
1704,122,359,1,1707966899
1705,137,359,1,1707961729
1706,182,359,1,1708028011
1707,107,388,1,1709047193
1708,122,402,1,1708582938
1709,212,402,1,1709163671
1710,17,403,1,1708179097
1711,47,403,1,1708917864
1712,92,403,1,1708398537
1713,107,403,1,1708913602
1714,122,403,1,1708648972
1715,137,403,1,1708197688
1716,137,405,1,1709037007
1717,77,408,1,1708283762
1718,182,408,1,1708674904
1719,137,411,1,1708199474
1720,107,412,1,1708624252
1721,122,412,1,1708919921
1722,182,412,1,1708224849
1723,62,418,1,1708852855
1724,137,418,1,1708617171
1725,197,418,1,1708320657
1726,17,430,1,1708877950
1727,77,430,1,1708689012
1728,137,430,1,1708870165
1729,2,439,1,1708188322
1730,32,439,1,1708834130
1731,77,439,1,1708530780
1732,107,439,1,1708688427
1733,137,439,1,1708546879
1734,197,439,1,1708642387
1735,77,447,1,1709345904
1736,107,447,1,1708620758
1737,77,450,1,1708362171
1738,92,450,1,1708325655
1739,107,450,1,1708874021
1740,182,450,1,1708417197
1741,137,452,1,1708676556
1742,17,453,1,1708465838
1743,2,459,1,1708214707
1744,47,459,1,1708843763
1745,107,459,1,1708851287
1746,212,459,1,1708911108
1747,32,460,1,1708756582
1748,92,460,1,1708627526
1749,137,460,1,1708402892
1750,167,460,1,1708674306
1751,17,464,1,1707991979
1752,32,464,1,1708059617
1753,47,464,1,1707927710
1754,62,464,1,1707984741
1755,92,464,1,1708053966
1756,107,464,1,1708017229
1757,122,464,1,1707938930
1758,137,464,1,1707903387
1759,152,464,1,1708090979
1760,167,464,1,1707915680
1761,182,464,1,1707956737
1762,197,464,1,1707890418
1763,212,464,1,1708145039
1764,17,466,1,1708520029
1765,32,466,1,1708429660
1766,107,466,1,1708179932
1767,137,466,1,1708627124
1768,152,466,1,1708627287
1769,197,466,1,1708560662
1770,47,468,1,1708927014
1771,137,501,1,1708257374
1772,152,501,1,1708235167
1773,2,531,1,1708444489
1774,62,531,1,1708215399
1775,77,531,1,1708476345
1776,92,531,1,1708803021
1777,167,531,1,1708792176
1778,182,531,1,1708836032
1779,212,531,1,1708864031
1780,2,591,1,1709108855
1781,32,603,1,1709342612
1782,197,603,1,1708613530
1783,197,607,1,1708983355
1784,197,612,1,1708182898
1785,47,617,1,1708465623
1786,107,617,1,1708227636
1787,137,617,1,1708636254
1788,2,634,1,1708042338
1789,17,634,1,1708054363
1790,47,634,1,1707990812
1791,77,634,1,1708083686
1792,92,634,1,1708011314
1793,107,634,1,1708049489
1794,122,634,1,1708002548
1795,197,634,1,1707909071
1796,2,661,1,1707895166
1797,17,661,1,1707898602
1798,62,661,1,1708072287
1799,92,661,1,1708092390
1800,107,661,1,1708126197
1801,137,661,1,1708091256
1802,167,661,1,1708021723
1803,197,661,1,1708118107
1804,212,661,1,1708057202
1805,2,665,1,1708079676
1806,17,665,1,1708015923
1807,32,665,1,1707974760
1808,107,665,1,1708088313
1809,122,665,1,1708018270
1810,167,665,1,1708094360
1811,182,665,1,1708143523
1812,197,665,1,1708030188
1813,212,665,1,1707992547
1814,32,672,1,1708126221
1815,77,672,1,1707935110
1816,167,672,1,1708006246
1817,182,672,1,1708010699
1818,197,672,1,1707891609
1819,212,672,1,1708052623
1820,137,673,1,1708773173
1821,137,692,1,1709016013
1822,152,695,1,1708612472
1823,92,711,1,1708731137
1824,2,715,1,1708338095
1825,47,715,1,1708886239
1826,122,715,1,1708376081
1827,167,715,1,1708287222
1828,212,715,1,1708834805
1829,212,724,1,1708836375
1830,32,749,1,1708225700
1831,77,749,1,1708734365
1832,92,749,1,1708563686
1833,167,749,1,1708854603
1834,182,749,1,1708771810
1835,197,749,1,1708562195
1836,2,750,1,1708283689
1837,122,750,1,1708864684
1838,212,750,1,1708813907
1839,182,774,1,1708534397
1840,197,774,1,1708274607
1841,212,774,1,1708367737
1842,47,789,1,1708673360
1843,197,789,1,1708766110
1844,2,824,1,1708482511
1845,77,824,1,1708727998
1846,137,824,1,1708177055
1847,152,824,1,1708617382
1848,167,824,1,1708297671
1849,2,877,1,1707988971
1850,92,877,1,1707955227
1851,107,877,1,1707888559
1852,122,877,1,1708023360
1853,137,877,1,1708125751
1854,182,877,1,1708002575
1855,197,877,1,1707983260
1856,2,902,1,1708128326
1857,62,902,1,1708012011
1858,92,902,1,1708051982
1859,107,902,1,1708125518
1860,137,902,1,1707933917
1861,152,902,1,1708075727
1862,167,902,1,1707967997
1863,122,915,1,1708727935
1864,2,935,1,1708411231
1865,77,935,1,1708766104
1866,92,935,1,1708761480
1867,122,935,1,1708149992
1868,182,935,1,1708709547
1869,62,976,1,1708309126
1870,2,977,1,1707993254
1871,17,977,1,1707964654
1872,32,977,1,1707980269
1873,47,977,1,1707886844
1874,62,977,1,1707974660
1875,77,977,1,1708084186
1876,92,977,1,1708054541
1877,122,977,1,1707977397
1878,182,977,1,1707946235
1879,197,977,1,1708109182
1880,212,977,1,1707960840
1881,2,979,1,1707981068
1882,62,979,1,1708096747
1883,77,979,1,1707997366
1884,92,979,1,1707941311
1885,122,979,1,1708020899
1886,137,979,1,1708001889
1887,167,979,1,1708107199
1888,2,982,1,1708538021
1889,32,982,1,1708176527
1890,77,982,1,1708449738
1891,182,982,1,1708265886
1892,212,982,1,1708859543
1893,32,990,1,1708378939
1894,2,1010,1,1707954157
1895,77,1010,1,1707939693
1896,92,1010,1,1707938986
1897,107,1010,1,1708103912
1898,122,1010,1,1708115445
1899,167,1010,1,1708005055
1900,182,1010,1,1707940114
1901,197,1010,1,1708037135
1902,212,1010,1,1708119038
1903,2,1021,1,1708885868
1904,32,1039,1,1707899193
1905,77,1039,1,1707912284
1906,92,1039,1,1708016910
1907,107,1039,1,1707952227
1908,122,1039,1,1708007014
1909,137,1039,1,1708033362
1910,152,1039,1,1708041607
1911,167,1039,1,1707991184
1912,182,1039,1,1708056983
1913,197,1039,1,1708025491
1914,17,1043,1,1708399038
1915,32,1043,1,1708462289
1916,182,1043,1,1708352821
1917,2,1044,1,1708341036
1918,47,1044,1,1708239637
1919,107,1044,1,1708274208
1920,212,1044,1,1708626118
1921,62,1048,1,1708333409
1922,137,1048,1,1708359053
1923,152,1048,1,1708861884
1924,197,1048,1,1708290034
1925,17,1079,1,1708249078
1926,122,1079,1,1708771929
1927,137,1079,1,1708621411
1928,167,1079,1,1708701852
1929,182,1079,1,1708550441
1930,197,1079,1,1708510377
1931,107,1087,1,1708907047
1932,137,1087,1,1708903201
1933,167,1087,1,1708392898
1934,197,1087,1,1708347891
1935,17,1088,1,1708202412
1936,32,1088,1,1708506208
1937,137,1088,1,1708709897
1938,197,1088,1,1708316341
1939,92,1092,1,1708464205
1940,167,1092,1,1708570961
1941,182,1092,1,1708661510
1942,212,1092,1,1708188906
1943,62,1113,1,1708743399
1944,92,1113,1,1708412992
1945,167,1113,1,1708667409
1946,107,1128,1,1708414035
1947,122,1128,1,1708216127
1948,152,1128,1,1708335047
1949,32,1129,1,1708390564
1950,77,1129,1,1708806733
1951,137,1129,1,1708601666
1952,182,1129,1,1708888220
1953,2,1144,1,1708176724
1954,92,1144,1,1708560992
1955,182,1144,1,1708151977
1956,47,1167,1,1708862985
1957,62,1167,1,1708357760
1958,122,1167,1,1708424781
1959,152,1167,1,1708802100
1960,32,1190,1,1708696598
1961,197,1190,1,1708191455
1962,62,1207,1,1708833794
1963,182,1207,1,1708216083
1964,197,1207,1,1708649120
1965,212,1207,1,1708922971
1966,47,1212,1,1708744506
1967,77,1212,1,1708606979
1968,122,1212,1,1708340170
1969,137,1212,1,1708715504
1970,197,1212,1,1708230919
1971,2,1238,1,1707927014
1972,32,1238,1,1707923826
1973,77,1238,1,1707911203
1974,92,1238,1,1707888719
1975,152,1238,1,1707950775
1976,167,1238,1,1707954817
1977,182,1238,1,1708034970
1978,152,1312,1,1708704686
1979,2,1320,1,1709342833
1980,17,1336,1,1708958820
1981,77,1346,1,1708206116
1982,122,1346,1,1708598733
1983,197,1346,1,1708769671
1984,2,1347,1,1708092459
1985,17,1347,1,1707894677
1986,32,1347,1,1708012249
1987,47,1347,1,1707928273
1988,92,1347,1,1708100147
1989,107,1347,1,1707909744
1990,137,1347,1,1708005981
1991,167,1347,1,1708009439
1992,182,1347,1,1707909886
1993,197,1347,1,1708003888
1994,212,1347,1,1707998396
1995,122,1351,1,1708856524
1996,2,1355,1,1709164099
1997,32,1355,1,1709458464
1998,17,1366,1,1708093996
1999,62,1366,1,1708113828
2000,92,1366,1,1707916340
2001,107,1366,1,1708124161
2002,137,1366,1,1708108381
2003,152,1366,1,1708064241
2004,167,1366,1,1707937269
2005,182,1366,1,1708113642
2006,212,1366,1,1707929662
2007,47,1377,1,1708745494
2008,122,1377,1,1708464698
2009,47,1387,1,1708478374
2010,62,1387,1,1708742046
2011,77,1387,1,1708751164
2012,152,1387,1,1708689862
2013,17,1400,1,1707944369
2014,47,1400,1,1708084771
2015,77,1400,1,1708063809
2016,92,1400,1,1708082153
2017,107,1400,1,1707921119
2018,137,1400,1,1707895000
2019,152,1400,1,1708105617
2020,182,1400,1,1707989298
2021,197,1400,1,1708054120
2022,137,1412,1,1708731320
2023,107,1419,1,1709088142
2024,62,1430,1,1707961573
2025,152,1430,1,1707890973
2026,167,1430,1,1707894873
2027,182,1430,1,1708057058
2028,197,1430,1,1708071477
2029,212,1430,1,1707998176
2030,62,1432,1,1708858003
2031,77,1432,1,1708517703
2032,167,1432,1,1708719366
2033,182,1432,1,1708500228
2034,47,1451,1,1708381282
2035,62,1451,1,1708717778
2036,77,1451,1,1708540098
2037,92,1451,1,1708746503
2038,122,1451,1,1708848474
2039,167,1451,1,1708501568
2040,197,1451,1,1708547522
2041,137,1492,1,1708657154
2042,197,1492,1,1708792285
2043,77,1495,1,1707984316
2044,107,1495,1,1708107918
2045,122,1495,1,1708098880
2046,137,1495,1,1707909728
2047,152,1495,1,1708004059
2048,167,1495,1,1708111602
2049,182,1495,1,1707994907
2050,212,1495,1,1707919765
2051,17,1500,1,1708531863
2052,77,1500,1,1708273253
2053,107,1500,1,1708693580
2054,182,1500,1,1708495796
2055,2,1543,1,1707962301
2056,17,1543,1,1707947074
2057,32,1543,1,1708140225
2058,47,1543,1,1707944444
2059,62,1543,1,1707927863
2060,77,1543,1,1707965955
2061,122,1543,1,1708097015
2062,152,1543,1,1708077766
2063,167,1543,1,1708091306
2064,212,1543,1,1707913744
2065,2,1553,1,1708056093
2066,17,1553,1,1707999523
2067,62,1553,1,1708086646
2068,77,1553,1,1707974157
2069,92,1553,1,1708024480
2070,122,1553,1,1708091320
2071,137,1553,1,1707921081
2072,152,1553,1,1707926607
2073,197,1553,1,1708084052
2074,167,1562,1,1708532581
2075,62,1578,1,1708243883
2076,137,1578,1,1708148993
2077,167,1578,1,1708163223
2078,212,1578,1,1708475823
2079,32,1600,1,1707908733
2080,47,1600,1,1708031820
2081,62,1600,1,1708035061
2082,77,1600,1,1707926952
2083,92,1600,1,1707948236
2084,122,1600,1,1708083678
2085,152,1600,1,1708042851
2086,182,1600,1,1708010121
2087,17,1607,1,1709584890
2088,17,1626,1,1708268219
2089,32,1626,1,1708785087
2090,107,1626,1,1708501418
2091,197,1626,1,1708806035
2092,167,1641,1,1708770730
2093,182,1641,1,1708386129
2094,197,1641,1,1708823999
2095,17,1648,1,1708222115
2096,47,1648,1,1708314121
2097,62,1648,1,1708336151
2098,77,1648,1,1708355427
2099,197,1648,1,1708706250
2100,17,1651,1,1708071504
2101,47,1651,1,1708012300
2102,137,1651,1,1708123771
2103,167,1651,1,1707925866
2104,182,1651,1,1708009221
2105,212,1651,1,1708016761
2106,17,1655,1,1709307252
2107,152,1673,1,1708892861
2108,197,1673,1,1708910032
2109,212,1673,1,1708762884
2110,167,1675,1,1708280193
2111,77,1676,1,1709523392
2112,107,1676,1,1709145881
2113,47,1702,1,1708877207
2114,137,1702,1,1708622013
2115,137,1709,1,1709868742
2116,32,1715,1,1707999900
2117,62,1715,1,1707994843
2118,107,1715,1,1707912313
2119,152,1715,1,1707967062
2120,182,1715,1,1707931760
2121,107,1716,1,1708707921
2122,122,1716,1,1708661406
2123,152,1716,1,1708567227
2124,182,1716,1,1708380987
2125,212,1716,1,1708542724
2126,2,1727,1,1707993467
2127,17,1727,1,1707933511
2128,47,1727,1,1708049506
2129,62,1727,1,1707944186
2130,92,1727,1,1707986220
2131,152,1727,1,1707898762
2132,182,1727,1,1707995035
2133,197,1727,1,1708001353
2134,212,1727,1,1707965710
2135,137,1760,1,1708663513
2136,17,1802,1,1708514233
2137,122,1802,1,1708905712
2138,107,1806,1,1708256637
2139,197,1806,1,1708648023
2140,212,1806,1,1708795232
2141,182,1870,1,1708238800
2142,32,1884,1,1708726644
2143,77,1884,1,1708568863
2144,92,1884,1,1708194019
2145,152,1884,1,1708865749
2146,2,1903,1,1708258450
2147,17,1903,1,1708413644
2148,32,1903,1,1708508225
2149,92,1903,1,1708527390
2150,152,1903,1,1708418709
2151,212,1903,1,1708167951
2152,2,1905,1,1708865057
2153,47,1905,1,1708672127
2154,62,1905,1,1708743943
2155,92,1905,1,1708771994
2156,107,1905,1,1708760521
2157,77,1934,1,1708880554
2158,92,1934,1,1708763275
2159,152,1934,1,1708747670
2160,212,1934,1,1708368191
2161,107,1954,1,1709800183
2162,32,1959,1,1708622815
2163,47,1959,1,1708384600
2164,122,1959,1,1708190663
2165,197,1959,1,1708867807
2166,47,1960,1,1708553512
2167,62,1960,1,1708477212
2168,92,1960,1,1708837453
2169,122,1960,1,1708149451
2170,152,1960,1,1708830611
2171,92,1961,1,1708711817
2172,182,1961,1,1708580360
2173,197,1961,1,1708460482
2174,32,1967,1,1708807990
2175,77,1967,1,1708206719
2176,92,1967,1,1708670015
2177,107,1967,1,1708440771
2178,137,1967,1,1708687365
2179,197,1967,1,1708233648
2180,212,1967,1,1708899671
2181,17,1979,1,1708497344
2182,32,1979,1,1708436456
2183,77,1979,1,1708498555
2184,152,1979,1,1708574005
2185,167,1979,1,1708218578
2186,212,1979,1,1708705649
2187,33,34,1,1708543884
2188,63,34,1,1708596097
2189,78,34,1,1708741511
2190,93,34,1,1708576722
2191,123,34,1,1708588165
2192,138,34,1,1708741225
2193,153,34,1,1708522184
2194,18,43,1,1708985977
2195,63,53,1,1709510630
2196,78,58,1,1708510125
2197,138,58,1,1708712523
2198,153,58,1,1708700749
2199,198,58,1,1708644642
2200,213,58,1,1708654047
2201,48,95,1,1708718527
2202,123,95,1,1708581617
2203,138,95,1,1708651721
2204,153,95,1,1708620217
2205,168,95,1,1708665864
2206,3,113,1,1708734353
2207,18,113,1,1708703723
2208,33,113,1,1708530715
2209,63,113,1,1708541168
2210,168,113,1,1708626338
2211,183,113,1,1708648988
2212,3,135,1,1708653782
2213,18,135,1,1708740327
2214,63,135,1,1708617419
2215,153,135,1,1708681033
2216,183,135,1,1708686399
2217,198,135,1,1708715710
2218,3,223,1,1709197814
2219,168,223,1,1709526347
2220,3,275,1,1708953559
2221,48,275,1,1709342469
2222,78,275,1,1709199813
2223,3,295,1,1709023846
2224,33,298,1,1709284187
2225,48,298,1,1708858825
2226,93,298,1,1708886941
2227,183,298,1,1708925646
2228,198,298,1,1709016087
2229,33,300,1,1709383786
2230,213,300,1,1709315176
2231,33,359,1,1708516017
2232,48,359,1,1708686016
2233,78,359,1,1708646123
2234,108,359,1,1708615510
2235,123,359,1,1708505901
2236,138,359,1,1708651631
2237,183,359,1,1708555075
2238,48,403,1,1708797697
2239,93,403,1,1709096481
2240,108,403,1,1709006772
2241,123,403,1,1709180135
2242,138,403,1,1708952074
2243,78,408,1,1708871227
2244,183,408,1,1708821074
2245,108,412,1,1709295654
2246,123,412,1,1709174783
2247,183,412,1,1709007351
2248,198,418,1,1708965697
2249,18,430,1,1708838414
2250,138,430,1,1709235913
2251,78,439,1,1709447317
2252,108,439,1,1709004195
2253,108,450,1,1709073876
2254,48,459,1,1709071795
2255,33,460,1,1709077889
2256,93,460,1,1709491188
2257,138,460,1,1709418507
2258,33,464,1,1708668044
2259,48,464,1,1708708397
2260,63,464,1,1708629880
2261,108,464,1,1708703891
2262,123,464,1,1708687574
2263,138,464,1,1708589864
2264,153,464,1,1708643532
2265,168,464,1,1708635604
2266,183,464,1,1708530674
2267,198,464,1,1708728328
2268,213,464,1,1708528836
2269,18,466,1,1708764163
2270,33,466,1,1709054777
2271,138,466,1,1709344888
2272,138,501,1,1709217657
2273,153,501,1,1709158138
2274,3,634,1,1708567353
2275,18,634,1,1708689695
2276,48,634,1,1708673596
2277,78,634,1,1708532655
2278,93,634,1,1708613377
2279,108,634,1,1708520638
2280,123,634,1,1708598387
2281,198,634,1,1708571419
2282,18,661,1,1708684119
2283,63,661,1,1708566071
2284,93,661,1,1708634440
2285,138,661,1,1708731396
2286,168,661,1,1708739835
2287,198,661,1,1708593158
2288,213,661,1,1708568387
2289,3,665,1,1708736789
2290,18,665,1,1708620782
2291,33,665,1,1708590439
2292,108,665,1,1708556758
2293,198,665,1,1708663145
2294,213,665,1,1708667171
2295,33,672,1,1708598784
2296,78,672,1,1708503981
2297,168,672,1,1708716929
2298,198,672,1,1708496303
2299,213,672,1,1708657177
2300,48,715,1,1708793187
2301,123,715,1,1708873543
2302,168,715,1,1708867504
2303,78,749,1,1709235008
2304,183,749,1,1709429225
2305,198,774,1,1708893195
2306,3,824,1,1709286882
2307,153,824,1,1709500081
2308,168,824,1,1708942258
2309,3,877,1,1708639629
2310,93,877,1,1708724768
2311,108,877,1,1708619200
2312,123,877,1,1708543507
2313,138,877,1,1708651065
2314,183,877,1,1708494772
2315,3,902,1,1708622851
2316,63,902,1,1708731598
2317,108,902,1,1708548059
2318,168,902,1,1708653962
2319,3,935,1,1709228070
2320,123,935,1,1709009433
2321,18,977,1,1708718005
2322,48,977,1,1708721438
2323,93,977,1,1708643785
2324,123,977,1,1708525283
2325,213,977,1,1708669861
2326,3,979,1,1708590087
2327,63,979,1,1708623961
2328,93,979,1,1708673470
2329,123,979,1,1708612964
2330,138,979,1,1708525633
2331,168,979,1,1708549773
2332,3,982,1,1709444742
2333,33,982,1,1709479759
2334,78,982,1,1708848011
2335,183,982,1,1709154750
2336,213,982,1,1709046254
2337,3,1010,1,1708556889
2338,108,1010,1,1708544967
2339,123,1010,1,1708501434
2340,168,1010,1,1708725045
2341,183,1010,1,1708555747
2342,198,1010,1,1708496903
2343,78,1039,1,1708589152
2344,93,1039,1,1708672279
2345,108,1039,1,1708604485
2346,123,1039,1,1708595870
2347,153,1039,1,1708655682
2348,168,1039,1,1708529729
2349,183,1039,1,1708644349
2350,18,1043,1,1709430624
2351,183,1043,1,1709297748
2352,108,1044,1,1709319750
2353,153,1048,1,1708986186
2354,198,1048,1,1709140284
2355,18,1088,1,1709167008
2356,138,1088,1,1708898344
2357,198,1088,1,1709334761
2358,168,1092,1,1709383898
2359,183,1092,1,1709217379
2360,33,1190,1,1709194180
2361,63,1207,1,1708776330
2362,183,1207,1,1709132311
2363,198,1207,1,1708835627
2364,213,1207,1,1708865766
2365,3,1238,1,1708502612
2366,78,1238,1,1708595093
2367,93,1238,1,1708719791
2368,168,1238,1,1708677302
2369,123,1346,1,1708993519
2370,198,1346,1,1709409610
2371,3,1347,1,1708607176
2372,18,1347,1,1708664159
2373,48,1347,1,1708696392
2374,93,1347,1,1708616083
2375,108,1347,1,1708612371
2376,138,1347,1,1708527584
2377,168,1347,1,1708562499
2378,183,1347,1,1708610121
2379,198,1347,1,1708652101
2380,213,1347,1,1708507187
2381,18,1366,1,1708738987
2382,63,1366,1,1708738238
2383,93,1366,1,1708628327
2384,108,1366,1,1708610109
2385,153,1366,1,1708736733
2386,168,1366,1,1708749217
2387,183,1366,1,1708525635
2388,213,1366,1,1708556054
2389,123,1377,1,1708816951
2390,48,1400,1,1708716473
2391,108,1400,1,1708546609
2392,153,1400,1,1708612557
2393,183,1400,1,1708513567
2394,198,1400,1,1708567178
2395,153,1430,1,1708534558
2396,168,1430,1,1708540839
2397,183,1430,1,1708595427
2398,198,1430,1,1708575169
2399,213,1430,1,1708555551
2400,63,1432,1,1709061320
2401,138,1492,1,1709401931
2402,198,1492,1,1709498392
2403,78,1500,1,1709482008
2404,108,1500,1,1709288515
2405,3,1543,1,1708686420
2406,18,1543,1,1708492088
2407,33,1543,1,1708579474
2408,48,1543,1,1708538176
2409,63,1543,1,1708514104
2410,78,1543,1,1708685484
2411,123,1543,1,1708495479
2412,153,1543,1,1708616579
2413,213,1543,1,1708677946
2414,3,1553,1,1708740839
2415,18,1553,1,1708675698
2416,63,1553,1,1708750140
2417,78,1553,1,1708570802
2418,93,1553,1,1708739181
2419,123,1553,1,1708555618
2420,138,1553,1,1708718349
2421,153,1553,1,1708658333
2422,198,1553,1,1708691649
2423,168,1578,1,1709500634
2424,213,1578,1,1708981928
2425,168,1641,1,1709426390
2426,18,1648,1,1709321234
2427,48,1648,1,1708802873
2428,63,1648,1,1708953202
2429,198,1648,1,1708776764
2430,18,1651,1,1708654351
2431,48,1651,1,1708687233
2432,138,1651,1,1708492686
2433,168,1651,1,1708714050
2434,213,1651,1,1708581636
2435,153,1673,1,1708947199
2436,33,1715,1,1708710602
2437,63,1715,1,1708600823
2438,153,1715,1,1708688759
2439,183,1715,1,1708574330
2440,3,1727,1,1708655614
2441,18,1727,1,1708706041
2442,48,1727,1,1708592863
2443,63,1727,1,1708640726
2444,93,1727,1,1708730543
2445,198,1727,1,1708663120
2446,213,1727,1,1708727300
2447,18,1802,1,1709090156
2448,198,1806,1,1709151667
2449,33,1884,1,1709021780
2450,78,1884,1,1709105038
2451,48,1905,1,1708851460
2452,78,1934,1,1709429749
2453,153,1934,1,1709348437
2454,213,1934,1,1709147925
2455,48,1960,1,1708752644
2456,93,1960,1,1709086130
2457,123,1960,1,1709143970
2458,153,1960,1,1708751252
2459,93,1967,1,1709152167
2460,138,1967,1,1708987670
2461,213,1967,1,1709507037
2462,34,34,1,1709158231
2463,64,34,1,1709106786
2464,79,34,1,1709131013
2465,94,34,1,1709321779
2466,154,34,1,1709141978
2467,19,43,1,1709436712
2468,79,58,1,1709292705
2469,139,58,1,1709296504
2470,199,58,1,1709112148
2471,214,58,1,1709300073
2472,49,95,1,1709141123
2473,124,95,1,1709140956
2474,139,95,1,1709180630
2475,154,95,1,1709316686
2476,169,95,1,1709337299
2477,4,113,1,1709355016
2478,19,113,1,1709135085
2479,34,113,1,1709099991
2480,64,113,1,1709105787
2481,169,113,1,1709258340
2482,184,113,1,1709229293
2483,64,135,1,1709324215
2484,184,135,1,1709249904
2485,199,135,1,1709347539
2486,79,275,1,1709548479
2487,4,295,1,1709974151
2488,199,298,1,1710122034
2489,34,300,1,1709744290
2490,34,359,1,1709170978
2491,79,359,1,1709232392
2492,109,359,1,1709217299
2493,139,359,1,1709109630
2494,184,359,1,1709224704
2495,184,412,1,1709897780
2496,199,418,1,1709616900
2497,19,430,1,1709670538
2498,139,430,1,1710086874
2499,109,439,1,1709858021
2500,109,450,1,1710080030
2501,49,459,1,1709508831
2502,34,460,1,1709939402
2503,94,460,1,1709625079
2504,34,464,1,1709112478
2505,49,464,1,1709293054
2506,109,464,1,1709259886
2507,124,464,1,1709316429
2508,154,464,1,1709170290
2509,169,464,1,1709199758
2510,184,464,1,1709299307
2511,199,464,1,1709234888
2512,214,464,1,1709281034
2513,19,466,1,1709780787
2514,139,466,1,1709771422
2515,154,501,1,1709904176
2516,4,634,1,1709203664
2517,19,634,1,1709348073
2518,49,634,1,1709290323
2519,79,634,1,1709317071
2520,124,634,1,1709312636
2521,199,634,1,1709265737
2522,19,661,1,1709169964
2523,64,661,1,1709214690
2524,94,661,1,1709271579
2525,139,661,1,1709335739
2526,169,661,1,1709348082
2527,214,661,1,1709268119
2528,34,672,1,1709322425
2529,79,672,1,1709315078
2530,169,672,1,1709314672
2531,199,672,1,1709192345
2532,79,749,1,1709856246
2533,184,749,1,1709888192
2534,199,774,1,1709690937
2535,154,824,1,1709960975
2536,4,877,1,1709328710
2537,109,877,1,1709195004
2538,139,877,1,1709181273
2539,184,877,1,1709202064
2540,109,902,1,1709342624
2541,19,977,1,1709308745
2542,49,977,1,1709109350
2543,94,977,1,1709290742
2544,124,977,1,1709298260
2545,79,982,1,1709939628
2546,184,982,1,1709790183
2547,4,1010,1,1709119633
2548,109,1010,1,1709352637
2549,124,1010,1,1709194927
2550,169,1010,1,1709100920
2551,184,1010,1,1709138146
2552,199,1010,1,1709156648
2553,94,1039,1,1709305844
2554,154,1039,1,1709321899
2555,169,1039,1,1709247735
2556,184,1039,1,1709152743
2557,19,1043,1,1709710612
2558,109,1044,1,1709555272
2559,199,1088,1,1709672594
2560,169,1092,1,1709955979
2561,184,1092,1,1709775336
2562,199,1207,1,1709408101
2563,4,1238,1,1709148175
2564,94,1238,1,1709141560
2565,169,1238,1,1709287763
2566,49,1347,1,1709344757
2567,94,1347,1,1709287952
2568,109,1347,1,1709098589
2569,139,1347,1,1709182224
2570,169,1347,1,1709278185
2571,184,1347,1,1709192855
2572,199,1347,1,1709295595
2573,19,1366,1,1709269395
2574,64,1366,1,1709145939
2575,94,1366,1,1709251387
2576,109,1366,1,1709121425
2577,154,1366,1,1709185502
2578,184,1366,1,1709130558
2579,214,1366,1,1709324876
2580,124,1377,1,1709737986
2581,154,1400,1,1709266654
2582,199,1400,1,1709335808
2583,64,1432,1,1709827289
2584,4,1543,1,1709271555
2585,19,1543,1,1709197178
2586,49,1543,1,1709215386
2587,64,1543,1,1709247384
2588,79,1543,1,1709336952
2589,154,1543,1,1709180862
2590,214,1543,1,1709128331
2591,4,1553,1,1709222770
2592,64,1553,1,1709148374
2593,79,1553,1,1709216489
2594,94,1553,1,1709246906
2595,124,1553,1,1709253327
2596,139,1553,1,1709171580
2597,154,1553,1,1709312665
2598,199,1553,1,1709199567
2599,169,1578,1,1709833526
2600,169,1641,1,1709606898
2601,49,1648,1,1709558516
2602,64,1648,1,1709912463
2603,19,1651,1,1709124039
2604,49,1651,1,1709302149
2605,169,1651,1,1709121207
2606,154,1673,1,1709675102
2607,34,1715,1,1709182707
2608,64,1715,1,1709181253
2609,154,1715,1,1709206708
2610,49,1727,1,1709203304
2611,64,1727,1,1709250102
2612,94,1727,1,1709270250
2613,214,1727,1,1709192464
2614,19,1802,1,1709540113
2615,199,1806,1,1709673504
2616,34,1884,1,1709454033
2617,79,1884,1,1709831673
2618,49,1905,1,1709923640
2619,79,1934,1,1710104493
2620,154,1934,1,1709987258
2621,94,1960,1,1709386098
2622,124,1960,1,1710049623
2623,154,1960,1,1709579005
2624,35,34,1,1709733779
2625,65,34,1,1709737537
2626,95,34,1,1709872279
2627,140,58,1,1709778981
2628,200,58,1,1709760530
2629,215,58,1,1709944048
2630,50,95,1,1709853895
2631,125,95,1,1709958519
2632,140,95,1,1709792570
2633,155,95,1,1709784666
2634,5,113,1,1709880085
2635,20,113,1,1709931876
2636,35,113,1,1709852030
2637,65,113,1,1709831649
2638,65,135,1,1709838594
2639,5,295,1,1710152931
2640,35,359,1,1709932898
2641,80,359,1,1709927602
2642,185,359,1,1709922281
2643,185,412,1,1710358961
2644,200,418,1,1710420320
2645,140,430,1,1710369890
2646,35,464,1,1709739819
2647,50,464,1,1709944747
2648,110,464,1,1709760446
2649,125,464,1,1709893777
2650,155,464,1,1709925818
2651,170,464,1,1709833086
2652,185,464,1,1709824056
2653,200,464,1,1709821750
2654,215,464,1,1709821261
2655,155,501,1,1710133920
2656,5,634,1,1709721782
2657,20,634,1,1709820210
2658,50,634,1,1709956024
2659,80,634,1,1709881573
2660,125,634,1,1709807434
2661,200,634,1,1709900903
2662,20,661,1,1709917140
2663,65,661,1,1709879754
2664,140,661,1,1709844546
2665,215,661,1,1709786903
2666,35,672,1,1709830375
2667,80,672,1,1709755710
2668,170,672,1,1709830073
2669,80,749,1,1710327211
2670,185,749,1,1709981846
2671,5,877,1,1709855807
2672,110,877,1,1709735665
2673,140,877,1,1709911906
2674,185,877,1,1709898706
2675,110,902,1,1709734283
2676,20,977,1,1709740759
2677,50,977,1,1709773514
2678,95,977,1,1709878323
2679,80,982,1,1710241744
2680,5,1010,1,1709839265
2681,110,1010,1,1709773306
2682,125,1010,1,1709951286
2683,185,1010,1,1709708804
2684,20,1043,1,1710643280
2685,110,1044,1,1710581490
2686,200,1088,1,1710690162
2687,5,1238,1,1709732898
2688,95,1238,1,1709731866
2689,170,1238,1,1709905301
2690,50,1347,1,1709777736
2691,95,1347,1,1709871541
2692,110,1347,1,1709859268
2693,170,1347,1,1709834201
2694,200,1347,1,1709741226
2695,20,1366,1,1709929564
2696,65,1366,1,1709799544
2697,95,1366,1,1709921799
2698,110,1366,1,1709908021
2699,125,1377,1,1710095266
2700,155,1400,1,1709927701
2701,200,1400,1,1709953286
2702,20,1543,1,1709779042
2703,50,1543,1,1709849167
2704,65,1543,1,1709762571
2705,80,1543,1,1709899254
2706,155,1543,1,1709757691
2707,215,1543,1,1709889016
2708,5,1553,1,1709888889
2709,65,1553,1,1709884768
2710,95,1553,1,1709714782
2711,125,1553,1,1709938170
2712,140,1553,1,1709946203
2713,155,1553,1,1709869560
2714,65,1648,1,1709973640
2715,20,1651,1,1709735434
2716,50,1651,1,1709850454
2717,170,1651,1,1709865243
2718,65,1715,1,1709745302
2719,155,1715,1,1709774396
2720,50,1727,1,1709816478
2721,65,1727,1,1709893931
2722,95,1727,1,1709868720
2723,200,1806,1,1710177251
2724,36,34,1,1710440928
2725,66,34,1,1710451437
2726,96,34,1,1710525696
2727,141,58,1,1710387697
2728,201,58,1,1710514224
2729,51,95,1,1710450494
2730,126,95,1,1710482209
2731,141,95,1,1710374091
2732,156,95,1,1710470760
2733,66,135,1,1710333375
2734,6,295,1,1710993945
2735,36,359,1,1710517317
2736,81,359,1,1710557000
2737,201,418,1,1711174388
2738,36,464,1,1710542322
2739,51,464,1,1710448015
2740,111,464,1,1710372509
2741,126,464,1,1710525382
2742,156,464,1,1710366745
2743,186,464,1,1710535710
2744,201,464,1,1710386931
2745,216,464,1,1710344997
2746,21,634,1,1710440464
2747,51,634,1,1710318825
2748,126,634,1,1710461140
2749,201,634,1,1710357893
2750,21,661,1,1710485015
2751,66,661,1,1710449924
2752,141,661,1,1710536075
2753,216,661,1,1710539943
2754,36,672,1,1710424380
2755,171,672,1,1710424268
2756,81,749,1,1710748863
2757,111,877,1,1710428285
2758,141,877,1,1710552614
2759,186,877,1,1710506185
2760,111,902,1,1710354260
2761,51,977,1,1710346283
2762,96,977,1,1710351058
2763,6,1010,1,1710365997
2764,111,1010,1,1710404316
2765,21,1043,1,1710768836
2766,111,1044,1,1710724564
2767,6,1238,1,1710359165
2768,96,1238,1,1710427860
2769,51,1347,1,1710499556
2770,96,1347,1,1710440950
2771,111,1347,1,1710521280
2772,171,1347,1,1710368917
2773,201,1347,1,1710448590
2774,21,1366,1,1710406608
2775,66,1366,1,1710362466
2776,111,1366,1,1710453842
2777,201,1400,1,1710308914
2778,21,1543,1,1710498695
2779,66,1543,1,1710354335
2780,216,1543,1,1710446954
2781,6,1553,1,1710539543
2782,126,1553,1,1710467434
2783,141,1553,1,1710463659
2784,156,1553,1,1710363334
2785,21,1651,1,1710559323
2786,51,1651,1,1710314875
2787,171,1651,1,1710486912
2788,66,1715,1,1710376867
2789,156,1715,1,1710436301
2790,51,1727,1,1710490544
2791,66,1727,1,1710511461
2792,96,1727,1,1710339819
2793,37,34,1,1710944345
2794,67,34,1,1711053506
2795,97,34,1,1710954343
2796,52,95,1,1711117726
2797,127,95,1,1710981566
2798,142,95,1,1711143908
2799,157,95,1,1711102242
2800,67,135,1,1711059888
2801,37,359,1,1711037398
2802,82,359,1,1710967381
2803,37,464,1,1711128428
2804,52,464,1,1711074160
2805,112,464,1,1710939314
2806,127,464,1,1710983514
2807,202,464,1,1710980154
2808,217,464,1,1710913559
2809,22,634,1,1711032719
2810,52,634,1,1710915302
2811,22,661,1,1710932249
2812,142,661,1,1710971963
2813,37,672,1,1711166867
2814,172,672,1,1711149759
2815,112,877,1,1710938541
2816,142,877,1,1711144059
2817,187,877,1,1711084762
2818,112,902,1,1711129674
2819,52,977,1,1710989215
2820,97,977,1,1711025182
2821,7,1010,1,1710974202
2822,112,1010,1,1711006879
2823,112,1044,1,1711715489
2824,97,1238,1,1711160402
2825,52,1347,1,1710932029
2826,172,1347,1,1711168898
2827,202,1347,1,1711022847
2828,22,1366,1,1711102867
2829,67,1366,1,1711056120
2830,112,1366,1,1710960207
2831,202,1400,1,1711102834
2832,22,1543,1,1710993844
2833,67,1543,1,1711116629
2834,7,1553,1,1710964720
2835,127,1553,1,1710927516
2836,142,1553,1,1710997399
2837,22,1651,1,1711039807
2838,52,1651,1,1710994804
2839,172,1651,1,1711153880
2840,67,1715,1,1710980914
2841,52,1727,1,1711141144
2842,67,1727,1,1711048351
2843,97,1727,1,1710974569
2844,38,34,1,1711774113
2845,68,34,1,1711683166
2846,98,34,1,1711748378
2847,53,95,1,1711734272
2848,128,95,1,1711774005
2849,143,95,1,1711733130
2850,158,95,1,1711761977
2851,68,135,1,1711604534
2852,38,359,1,1711540229
2853,83,359,1,1711701632
2854,38,464,1,1711630480
2855,53,464,1,1711635201
2856,128,464,1,1711602038
2857,218,464,1,1711589511
2858,23,634,1,1711774144
2859,53,634,1,1711616916
2860,23,661,1,1711604816
2861,143,661,1,1711750748
2862,38,672,1,1711540738
2863,173,672,1,1711547458
2864,113,877,1,1711577893
2865,53,977,1,1711694784
2866,98,977,1,1711661626
2867,8,1010,1,1711743752
2868,113,1010,1,1711638792
2869,53,1347,1,1711584575
2870,173,1347,1,1711757507
2871,203,1347,1,1711613762
2872,23,1366,1,1711546735
2873,68,1366,1,1711609039
2874,113,1366,1,1711632636
2875,23,1543,1,1711598024
2876,68,1543,1,1711688581
2877,23,1651,1,1711719588
2878,53,1651,1,1711768607
2879,173,1651,1,1711698883
2880,68,1715,1,1711670627
2881,53,1727,1,1711603418
2882,68,1727,1,1711583725
2883,98,1727,1,1711685624
2884,39,34,1,1712177983
2885,69,34,1,1712345545
2886,129,95,1,1712199606
2887,144,95,1,1712223151
2888,159,95,1,1712279337
2889,69,135,1,1712327814
2890,84,359,1,1712296394
2891,39,464,1,1712149330
2892,54,464,1,1712136808
2893,129,464,1,1712136116
2894,219,464,1,1712316840
2895,24,634,1,1712160128
2896,54,634,1,1712186633
2897,24,661,1,1712139653
2898,144,661,1,1712325290
2899,114,877,1,1712158344
2900,54,977,1,1712291620
2901,99,977,1,1712190237
2902,9,1010,1,1712253449
2903,114,1010,1,1712130403
2904,54,1347,1,1712366416
2905,174,1347,1,1712206444
2906,204,1347,1,1712259565
2907,24,1366,1,1712353355
2908,69,1366,1,1712153115
2909,114,1366,1,1712303288
2910,24,1543,1,1712336190
2911,69,1543,1,1712185151
2912,24,1651,1,1712167384
2913,54,1651,1,1712168123
2914,174,1651,1,1712294305
2915,69,1715,1,1712181638
2916,54,1727,1,1712237399
2917,69,1727,1,1712343932
2918,145,95,1,1712897038
2919,160,95,1,1712965821
2920,70,135,1,1712740429
2921,85,359,1,1712813963
2922,220,464,1,1712911191
2923,25,634,1,1712883003
2924,55,634,1,1712924610
2925,25,661,1,1712897819
2926,145,661,1,1712957783
2927,115,877,1,1712932329
2928,55,977,1,1712977988
2929,100,977,1,1712803716
2930,10,1010,1,1712747370
2931,55,1347,1,1712920496
2932,205,1347,1,1712790052
2933,70,1366,1,1712909600
2934,115,1366,1,1712963576
2935,25,1543,1,1712879383
2936,70,1543,1,1712794830
2937,25,1651,1,1712843191
2938,55,1651,1,1712910470
2939,175,1651,1,1712862574
2940,70,1715,1,1712740992
2941,55,1727,1,1712744562
2942,70,1727,1,1712876516
2943,146,95,1,1713434084
2944,161,95,1,1713468921
2945,71,135,1,1713468948
2946,86,359,1,1713423004
2947,221,464,1,1713559336
2948,56,634,1,1713435532
2949,116,877,1,1713511476
2950,56,977,1,1713433290
2951,101,977,1,1713414985
2952,71,1366,1,1713349302
2953,26,1543,1,1713362021
2954,71,1543,1,1713427748
2955,147,95,1,1714106958
2956,162,95,1,1714094554
2957,72,135,1,1714023525
2958,87,359,1,1714032485
2959,222,464,1,1714065104
2960,57,634,1,1714192927
2961,57,977,1,1714013174
2962,72,1366,1,1714072946
2963,27,1543,1,1714157197
2964,72,1543,1,1713997491
2965,148,95,1,1714749344
2966,163,95,1,1714723257
2967,73,135,1,1714543837
2968,73,1366,1,1714623487
2969,74,1366,1,1715316432
